age,tlia,sow,ret,kid,est,well,RETIREMENT_GOAL,EDUCATION_GOAL,EMERG_CASH_GOAL,ESTATE_PLAN_GOAL,INSURANCE_GOAL,LONG_TERM_GOAL
74,329400,0.3,1,0,1,46,1,0,0,0,0,1
70,355547,0.35,1,0,1,41,1,0,0,0,0,1
73,292626,0.32,1,0,1,40,1,0,0,1,0,1
75,423815,0.34,1,0,1,45,1,0,0,1,0,1
74,411611,0.34,1,1,1,45,1,1,0,1,1,1
70,436911,0.34,1,0,1,43,1,0,0,1,0,1
70,327229,0.21,1,0,1,41,1,0,0,1,0,1
70,459429,0.23,1,0,1,40,1,0,0,1,1,0
73,432874,0.27,1,0,1,51,0,0,0,1,0,1
71,396338,0.27,1,0,1,43,1,0,0,1,0,1
70,324953,0.24,1,0,1,56,0,0,0,1,0,1
75,364085,0.28,1,1,1,53,1,1,0,1,1,1
72,432688,0.24,1,0,1,55,1,0,0,1,0,1
71,407013,0.33,1,0,1,46,1,0,0,1,0,1
72,363790,0.34,1,1,1,40,1,1,0,1,1,1
71,495391,0.23,1,0,0,47,1,0,0,0,0,1
73,323571,0.3,1,0,1,44,1,0,0,1,0,0
75,420943,0.25,1,0,1,45,1,0,0,1,0,1
71,415259,0.31,1,0,0,46,1,0,0,0,0,1
70,373395,0.24,0,0,1,50,0,0,0,1,0,1
75,367432,0.31,1,0,1,49,1,1,0,1,0,1
74,484865,0.31,1,0,1,40,0,0,0,1,0,1
72,357691,0.21,1,0,1,49,1,0,0,1,0,1
74,454427,0.33,0,1,1,59,0,1,0,1,1,1
71,378367,0.21,1,0,0,54,1,0,0,0,0,1
72,448125,0.28,1,0,1,59,0,0,0,1,0,1
74,342132,0.29,1,0,1,46,1,0,0,1,1,1
73,495610,0.28,1,0,1,43,1,0,0,1,0,1
75,479455,0.29,1,0,1,53,1,0,0,0,0,1
72,483913,0.35,1,0,1,49,1,0,0,1,0,1
71,433962,0.3,1,1,1,52,1,1,0,1,1,1
73,301377,0.32,1,0,1,53,1,0,0,1,0,1
75,357858,0.32,1,1,1,47,1,1,0,1,1,1
75,396362,0.34,0,0,1,54,1,0,0,1,1,1
73,496530,0.23,1,1,1,59,1,1,1,1,1,1
75,405247,0.2,1,1,1,47,1,1,0,1,1,1
75,377184,0.34,1,0,1,57,1,0,0,1,0,1
73,428908,0.35,1,0,1,40,1,0,0,1,0,1
72,436358,0.33,1,1,1,51,1,1,0,1,1,1
71,411392,0.24,1,0,1,52,1,0,0,1,0,1
70,419278,0.3,1,0,1,57,1,0,0,1,0,1
72,312070,0.34,0,0,1,58,0,0,0,1,0,1
75,464301,0.3,1,0,1,56,1,0,0,1,1,1
74,413955,0.27,1,0,1,42,1,0,0,1,0,1
71,437046,0.34,1,0,1,54,1,0,1,1,0,1
72,441613,0.25,1,0,1,57,1,0,0,1,0,1
72,297246,0.2,1,1,0,52,1,0,0,0,1,1
75,335172,0.34,1,0,1,41,1,0,0,1,0,1
71,427302,0.22,1,0,1,41,0,0,0,1,0,1
74,444836,0.22,0,0,1,44,0,0,0,1,0,1
72,473596,0.22,1,0,1,44,1,0,1,1,0,1
75,405920,0.34,1,0,1,42,1,0,0,1,0,1
72,309694,0.26,1,0,1,53,1,0,0,1,1,1
70,407208,0.25,1,0,1,41,1,0,0,1,0,1
70,434476,0.2,1,0,0,56,1,0,0,0,0,1
75,432617,0.22,1,0,1,56,1,0,0,1,0,1
74,449429,0.29,1,1,1,58,0,1,0,1,1,1
70,490819,0.27,1,0,1,58,0,0,0,1,0,1
73,422444,0.24,1,1,1,43,1,1,0,1,1,1
73,475829,0.22,1,0,1,42,1,0,1,1,0,1
74,326164,0.29,1,0,1,51,1,0,0,1,1,1
75,354052,0.27,1,0,1,49,1,0,0,1,0,1
72,412435,0.23,1,0,1,50,1,0,0,1,0,1
72,477739,0.25,0,0,1,48,0,0,0,1,0,1
73,377458,0.23,0,0,1,48,0,0,0,1,0,1
75,322943,0.26,1,0,1,50,1,0,0,1,0,1
70,407654,0.28,1,1,1,50,1,1,0,1,1,1
72,303333,0.22,1,0,1,56,1,0,0,1,0,1
73,456813,0.25,1,0,1,56,0,0,0,1,0,1
70,430807,0.32,1,0,1,60,1,0,0,1,0,1
73,348268,0.21,1,1,1,46,1,1,0,1,1,1
74,460509,0.28,1,0,1,60,1,0,0,1,0,1
75,373397,0.33,1,0,0,44,1,0,0,0,0,1
73,376120,0.23,1,0,1,53,1,0,0,1,0,1
70,333558,0.29,1,0,1,42,1,0,0,1,0,1
70,420336,0.32,1,0,1,50,1,0,0,1,0,1
72,452586,0.21,0,1,1,60,0,1,0,1,1,1
71,466434,0.35,1,0,1,46,0,0,0,1,0,1
71,374899,0.24,1,0,1,42,1,1,0,1,0,1
73,431763,0.29,1,0,1,54,1,0,0,1,0,1
71,325856,0.32,1,0,0,57,1,0,0,0,0,1
73,304782,0.25,1,0,1,53,1,0,0,1,0,1
73,383783,0.34,1,1,1,41,1,0,0,1,1,1
75,301566,0.26,1,0,1,42,1,0,0,1,0,1
73,323339,0.24,1,0,1,44,1,0,0,1,0,1
75,401914,0.35,0,1,0,57,0,1,0,0,1,1
71,429469,0.34,1,0,1,55,1,0,0,1,0,1
71,475442,0.33,1,1,1,51,1,1,0,1,0,0
74,377233,0.26,1,0,1,53,1,0,0,1,0,1
71,344335,0.27,0,1,0,48,0,1,0,0,1,1
75,436440,0.3,1,0,1,57,1,0,0,1,0,1
75,439249,0.21,1,0,1,47,1,1,0,1,0,0
73,374568,0.31,1,0,1,49,1,0,0,1,0,1
71,472205,0.24,1,0,1,56,1,0,0,1,0,1
72,369988,0.27,0,0,1,40,0,0,0,1,0,1
71,481112,0.21,1,0,1,59,1,0,0,1,0,1
75,336756,0.28,1,0,1,57,1,0,0,1,0,1
74,323555,0.29,1,0,1,45,1,0,1,1,0,1
72,292269,0.3,1,0,1,60,0,0,0,1,1,1
73,297088,0.26,1,0,1,56,1,1,0,1,0,1
71,387286,0.3,1,0,1,47,1,0,0,1,0,1
75,381578,0.32,1,0,1,58,1,1,0,1,0,1
70,355587,0.33,0,0,1,59,1,0,0,1,0,1
75,353633,0.26,0,0,1,51,0,0,0,1,0,1
74,326426,0.25,0,1,1,51,0,1,0,1,1,1
75,421204,0.23,1,0,1,40,1,0,0,1,0,1
74,292070,0.28,1,0,1,60,1,0,0,1,0,1
70,405465,0.22,1,0,1,58,1,0,0,1,0,1
71,414629,0.26,1,0,1,44,1,1,0,1,0,1
71,367554,0.31,1,1,1,59,1,1,0,1,0,1
72,455181,0.21,1,0,1,50,1,0,0,1,0,1
73,395583,0.28,1,0,1,49,1,0,0,1,0,1
74,360030,0.34,0,0,1,55,1,0,0,1,0,1
74,365532,0.26,1,0,1,40,1,0,0,1,0,1
75,444492,0.3,1,1,1,50,1,1,0,1,1,1
72,349867,0.21,1,0,1,48,1,0,0,1,0,1
72,467116,0.31,1,0,1,59,1,0,0,1,0,1
75,437929,0.25,0,0,1,46,0,0,0,1,0,1
70,425699,0.22,1,0,1,54,1,0,1,1,0,1
73,307781,0.3,1,0,1,40,1,0,0,1,0,1
70,346123,0.22,1,1,1,48,1,1,0,1,0,1
72,488454,0.21,1,0,1,42,1,0,0,1,0,1
74,404144,0.33,1,0,1,50,0,1,0,1,0,1
72,370204,0.26,0,1,1,50,0,1,0,1,1,1
70,491983,0.23,1,0,1,55,1,0,0,1,0,1
73,393291,0.33,1,0,0,50,1,0,0,0,0,1
74,373668,0.26,0,1,1,41,0,1,0,1,0,1
75,419198,0.2,0,0,1,55,0,0,0,1,0,1
73,380592,0.29,0,0,1,55,0,0,0,1,0,1
72,454028,0.26,1,0,1,43,1,0,0,1,0,1
70,343802,0.31,1,0,1,49,1,0,0,1,0,1
71,384362,0.35,0,1,1,52,0,1,0,1,0,1
73,330799,0.35,0,0,1,59,0,0,0,1,0,1
74,318506,0.33,1,0,1,53,1,0,0,1,0,1
75,346810,0.34,1,0,1,44,1,0,0,1,0,1
71,451297,0.31,1,1,1,59,1,1,1,1,1,1
75,493367,0.29,1,0,1,54,1,0,0,1,1,1
72,429164,0.25,1,0,1,41,1,0,0,1,0,1
70,485196,0.35,1,1,1,43,1,1,0,0,1,1
75,377742,0.33,1,0,1,44,1,0,0,1,0,1
72,408016,0.35,1,0,1,54,1,0,0,1,0,1
74,324656,0.2,1,0,1,43,1,1,0,1,1,1
71,421130,0.31,1,1,1,58,1,1,0,1,1,1
24,3356,0.1,0,1,0,92,0,1,1,0,1,0
26,8897,0.29,0,1,0,100,1,1,0,0,1,0
23,5445,0.28,0,0,0,87,0,0,1,0,0,0
23,4352,0.28,0,0,0,96,1,0,1,0,0,0
24,6626,0.25,0,0,0,99,0,0,1,0,0,0
26,6091,0.46,0,1,0,90,0,1,1,0,1,0
25,8418,0.46,0,0,0,89,0,0,1,0,0,0
23,3091,0.3,0,0,0,93,0,0,1,0,0,0
24,7592,0.29,0,0,0,88,0,0,1,0,0,0
22,1067,0.2,0,1,0,85,0,1,1,0,0,0
24,7683,0.38,0,0,0,86,0,0,1,0,0,0
24,6519,0.17,0,1,0,86,0,1,1,0,1,0
23,3392,0.46,0,1,0,100,0,1,1,0,1,0
24,9844,0.47,0,0,1,97,0,0,1,1,0,0
24,1920,0.4,0,0,0,94,0,0,1,0,0,0
22,1650,0.33,0,0,0,94,1,0,0,0,0,0
24,4425,0.14,0,0,0,97,0,0,1,0,0,0
23,4140,0.28,0,0,0,95,0,0,1,0,0,0
26,1134,0.26,0,0,0,89,0,0,1,0,0,0
22,9982,0.25,0,0,0,90,0,0,1,1,0,0
22,5600,0.26,0,0,0,87,0,0,0,0,0,0
25,9160,0.34,0,0,0,100,1,0,1,0,0,0
24,8316,0.35,0,0,0,100,0,0,0,0,0,0
24,3062,0.23,0,1,0,99,0,1,1,0,1,0
24,7361,0.19,0,0,0,90,0,0,1,0,0,0
26,9719,0.27,0,0,0,100,0,0,1,0,0,0
26,5492,0.13,0,0,0,96,0,0,1,0,0,0
24,8662,0.11,0,0,0,100,0,0,1,0,0,0
22,8708,0.28,0,0,0,100,0,0,1,0,0,0
24,4001,0.43,1,0,0,89,1,0,1,0,0,0
25,8891,0.46,0,0,0,95,0,0,1,0,0,0
26,2754,0.3,1,0,0,97,1,0,1,0,0,0
24,2316,0.22,0,0,0,94,0,0,1,0,0,0
22,5356,0.41,0,1,0,100,0,1,1,0,1,0
25,5532,0.18,0,0,0,88,0,0,1,0,0,0
24,7640,0.26,0,0,0,95,0,0,1,0,0,0
25,8370,0.19,0,0,0,95,0,0,1,0,0,1
23,7293,0.33,0,0,0,88,0,0,1,0,0,0
24,8649,0.33,0,0,0,97,0,1,1,0,0,0
23,9338,0.4,0,0,0,96,0,0,1,0,0,0
26,9362,0.48,0,0,0,91,0,0,1,0,1,0
25,8581,0.46,0,1,0,95,0,1,1,0,1,0
23,7704,0.28,0,0,0,96,0,0,1,0,0,0
22,970,0.33,0,0,0,98,0,0,1,0,0,0
25,3154,0.17,0,1,0,100,0,1,1,0,1,0
23,5080,0.2,0,0,0,97,0,0,1,1,0,0
22,6067,0.29,0,1,1,89,0,1,1,1,1,0
23,1239,0.49,0,0,0,92,0,0,1,1,0,1
24,5888,0.17,0,0,0,86,0,0,1,0,0,0
23,8377,0.18,0,0,0,98,0,0,1,0,0,0
22,6426,0.23,0,0,0,85,0,0,1,0,0,0
25,5961,0.32,0,0,0,97,0,0,1,0,0,0
22,9304,0.37,0,0,0,89,0,0,1,0,0,0
25,3409,0.43,0,0,0,93,0,0,1,1,0,0
22,3492,0.38,0,1,0,93,0,1,1,0,1,0
25,1740,0.2,0,0,0,92,0,0,1,0,0,0
23,7164,0.29,0,0,0,87,0,0,1,0,0,1
24,6964,0.25,0,0,0,97,0,0,1,0,0,0
22,6995,0.13,0,0,0,93,0,0,1,0,0,0
25,2349,0.42,0,1,0,97,0,1,1,0,1,0
25,1532,0.39,0,1,0,93,0,1,1,0,1,0
22,7390,0.11,0,0,0,94,0,0,1,0,0,0
23,7843,0.29,0,1,0,85,0,1,1,0,1,0
24,8903,0.19,0,0,0,90,0,0,1,0,0,0
22,8665,0.23,0,0,0,98,0,0,1,0,0,0
22,3089,0.49,0,1,0,100,0,1,0,1,1,0
24,2310,0.32,0,1,0,100,0,1,1,0,1,1
23,2401,0.2,0,0,0,88,0,0,1,0,0,0
22,7520,0.37,0,0,0,87,0,0,1,0,0,0
22,9963,0.37,0,0,0,90,0,0,1,0,0,0
26,2535,0.36,0,0,0,96,0,0,1,0,0,0
22,3551,0.41,0,1,0,97,0,1,1,0,1,0
23,2484,0.2,0,0,0,85,0,0,1,0,0,0
22,1796,0.22,0,0,0,98,1,0,1,0,0,0
25,9365,0.31,0,0,0,93,0,0,1,0,0,0
25,3864,0.35,0,0,0,97,0,0,1,0,0,0
25,7127,0.47,0,0,0,95,0,0,1,0,0,0
24,9246,0.24,0,0,0,92,0,0,1,0,0,0
26,2390,0.46,0,0,0,99,0,0,1,0,1,0
26,1299,0.31,0,0,0,88,0,0,1,0,0,0
25,3863,0.29,0,0,0,87,0,0,1,0,0,0
24,5019,0.42,0,0,0,94,0,0,1,0,0,0
24,7560,0.11,0,0,0,100,0,0,1,0,0,0
23,6597,0.41,0,0,0,94,0,0,1,0,0,0
25,7453,0.29,0,1,0,99,0,1,1,0,1,0
25,2864,0.17,0,0,0,97,0,1,1,0,0,0
23,7655,0.29,0,0,0,97,0,0,1,0,0,0
24,1428,0.46,0,0,0,85,0,0,1,0,0,0
26,2321,0.14,0,0,0,99,0,0,1,0,0,0
24,8153,0.2,0,1,0,90,0,1,1,0,1,0
25,5479,0.32,0,0,0,99,0,0,1,0,0,0
26,2682,0.36,0,0,0,95,0,0,1,0,1,0
25,1447,0.15,0,0,0,94,0,0,1,0,0,0
25,8175,0.14,0,0,0,98,0,0,1,1,0,0
26,7609,0.35,0,0,0,99,0,0,1,0,1,0
26,1305,0.32,0,0,0,92,0,0,1,0,0,0
24,9758,0.12,0,0,0,87,0,0,1,0,1,0
22,1372,0.22,0,0,0,89,0,0,1,0,0,0
26,3884,0.33,0,1,0,92,1,1,1,0,1,0
22,1228,0.38,0,0,0,91,0,0,1,0,0,0
25,885,0.21,0,0,0,85,0,0,1,0,0,0
22,4196,0.32,0,0,0,86,1,0,1,0,0,0
22,4603,0.29,0,1,0,94,0,0,1,0,1,0
22,5089,0.15,0,1,1,98,0,1,1,1,1,0
24,9793,0.34,0,0,0,86,0,0,1,0,0,0
22,1137,0.32,0,0,0,96,0,0,1,0,0,0
23,9877,0.32,0,1,0,88,0,1,1,0,1,1
25,9057,0.1,0,0,0,96,0,0,1,0,0,0
25,1501,0.27,0,0,0,88,0,0,1,1,0,0
26,9284,0.38,0,0,0,97,0,0,1,0,0,0
22,3469,0.2,0,0,0,91,0,0,1,0,0,0
25,3075,0.29,0,0,0,99,0,0,1,0,0,0
22,4227,0.31,0,0,0,90,0,0,1,0,0,0
22,1964,0.35,0,0,0,95,0,0,1,0,0,0
25,5580,0.23,0,0,0,96,0,0,1,0,0,0
26,3285,0.39,0,1,0,87,0,1,1,0,1,0
26,7077,0.45,0,0,1,91,0,0,1,1,0,0
26,4431,0.49,0,0,0,88,0,0,1,0,0,0
22,8356,0.43,0,0,0,90,0,0,1,0,0,0
22,9122,0.42,0,0,0,88,0,0,1,0,0,0
26,8295,0.11,0,1,0,94,0,1,1,0,1,0
26,7615,0.34,0,0,0,100,0,0,1,0,0,0
23,2814,0.43,0,1,0,97,0,1,1,0,1,0
26,7152,0.19,0,0,0,86,0,0,1,0,0,0
26,9991,0.41,0,0,0,100,0,0,1,0,0,0
26,4299,0.5,0,0,0,90,0,0,1,1,0,0
26,5883,0.44,0,0,0,95,0,0,1,0,0,0
22,1672,0.25,0,0,0,93,0,0,1,0,0,0
25,2850,0.22,0,0,0,99,0,0,1,0,0,0
22,3090,0.37,0,1,0,87,0,1,1,0,1,0
25,7726,0.36,0,1,0,89,0,1,1,0,1,0
24,6334,0.24,0,1,0,96,1,1,1,1,1,0
22,1888,0.15,0,1,0,100,0,1,0,0,1,0
22,9217,0.48,0,0,0,85,0,0,1,0,0,0
26,5188,0.17,0,0,0,88,0,0,1,0,0,0
24,9775,0.49,0,0,0,98,0,0,1,0,0,0
26,9766,0.24,0,0,0,89,0,0,1,0,0,0
23,7854,0.26,0,0,0,90,0,0,1,0,0,0
22,4330,0.11,0,0,1,91,0,0,1,1,0,0
24,5805,0.3,0,1,0,98,0,1,1,0,1,0
22,7988,0.36,0,0,0,96,0,0,0,0,0,0
23,4926,0.39,0,0,0,95,0,0,1,0,1,0
22,9460,0.28,0,0,0,98,0,0,1,0,0,0
59,1222813,0.73,1,0,1,49,1,0,0,1,1,1
56,1031720,0.48,1,0,1,31,1,0,0,1,0,1
59,1543558,0.65,1,1,1,26,1,1,0,1,1,1
55,1424699,0.26,0,0,0,42,1,0,0,0,1,1
56,1654922,0.53,1,1,1,35,1,1,0,1,1,0
55,1034285,0.67,1,0,1,32,1,1,0,0,0,1
59,1508631,0.31,0,0,1,23,0,0,0,0,0,1
57,1654403,0.27,0,0,1,27,0,0,1,1,0,1
59,1083105,0.62,1,1,1,31,1,1,0,1,1,1
55,1263877,0.4,1,0,1,30,1,0,0,1,0,1
56,1023890,0.53,1,1,1,44,1,1,0,0,1,1
56,1142888,0.54,0,0,1,24,0,0,0,1,0,1
55,1590231,0.5,1,0,1,28,1,0,0,1,0,1
57,1352540,0.72,1,0,1,31,1,0,1,1,0,1
56,1151411,0.29,1,0,1,59,1,0,0,1,0,0
55,1510622,0.35,1,1,1,47,1,1,0,1,1,1
56,1590510,0.36,1,0,1,58,1,0,0,0,0,0
55,1649414,0.26,0,1,1,46,0,1,0,1,1,1
55,1196111,0.3,1,0,1,22,1,0,0,1,0,1
58,1337509,0.55,1,1,1,54,1,1,0,1,1,0
56,1252738,0.25,0,1,1,60,0,1,0,1,1,0
57,1309869,0.61,1,0,1,40,1,1,0,1,0,1
55,1198748,0.34,0,1,1,44,0,1,0,1,1,1
57,1214497,0.39,0,1,1,51,0,1,0,1,1,0
59,1654486,0.47,0,0,1,27,0,0,0,1,0,0
55,1545102,0.1,0,1,1,34,0,1,0,1,1,1
57,1264637,0.69,0,1,1,21,0,1,0,1,1,1
58,1601664,0.28,1,0,1,25,1,0,0,1,0,0
57,1328852,0.41,0,0,1,21,0,0,0,1,0,1
55,1290228,0.43,1,0,1,50,1,0,0,1,0,0
59,1353402,0.54,0,0,0,24,0,0,0,0,0,1
57,1600124,0.79,0,0,1,24,0,0,0,1,0,1
57,1160558,0.68,1,0,1,39,1,0,0,1,0,1
57,1165706,0.53,1,1,1,44,0,1,0,1,1,1
57,1075913,0.48,0,1,1,32,0,1,0,1,1,1
57,1045388,0.62,0,0,1,24,0,1,0,1,0,1
57,1186669,0.35,1,0,1,43,1,0,0,1,0,1
55,1251362,0.76,1,0,1,56,1,0,0,1,0,0
58,1573387,0.57,1,0,1,55,1,0,0,1,0,0
59,1152167,0.39,0,1,1,41,0,1,0,1,1,1
55,1318934,0.73,0,0,1,29,0,0,0,1,0,1
57,1321622,0.71,0,0,1,27,0,0,0,1,0,1
59,1605330,0.72,0,1,1,50,0,1,0,0,1,0
59,1537742,0.68,1,1,1,57,1,1,0,1,0,0
56,1093936,0.73,0,0,1,42,0,0,0,1,0,1
57,1438639,0.52,1,0,1,60,1,0,0,1,0,0
57,1600962,0.5,1,0,1,56,0,0,0,1,0,0
55,1103291,0.29,1,0,0,55,1,0,0,0,1,0
56,1593205,0.24,1,0,1,26,1,0,0,1,1,1
58,1478250,0.68,1,0,1,49,1,0,0,1,0,1
59,1630053,0.66,0,1,1,31,0,0,0,1,0,1
57,1680777,0.17,0,1,1,39,0,1,0,1,1,0
58,1008241,0.56,1,0,1,46,1,0,0,1,0,1
57,1312754,0.21,1,1,1,41,0,1,0,1,1,1
56,1203092,0.25,0,0,1,56,0,0,0,1,0,0
55,1056373,0.41,0,1,1,41,0,1,0,1,1,1
56,1608301,0.69,1,1,1,43,1,1,1,1,1,1
57,1275451,0.22,1,1,1,32,1,1,0,1,1,1
55,1361927,0.61,1,1,1,52,1,1,0,1,1,0
56,1042766,0.44,0,0,1,22,0,0,0,1,1,1
55,1565198,0.12,1,0,0,33,1,0,0,0,0,1
57,1378838,0.8,1,1,1,27,1,1,0,1,0,1
55,1533762,0.35,1,0,1,51,1,0,0,1,0,0
56,1432395,0.4,1,0,0,59,1,0,0,0,0,0
55,1310408,0.34,1,1,1,48,1,1,0,1,1,1
56,1521572,0.67,0,0,1,44,0,0,0,0,0,1
58,1188800,0.37,1,0,1,26,1,0,1,1,0,1
59,1565147,0.48,1,1,1,49,1,1,0,1,1,1
59,1435971,0.48,1,0,1,54,1,1,0,1,0,0
57,1115215,0.35,1,0,0,21,1,0,0,0,0,1
57,1660464,0.71,0,1,1,40,0,1,0,1,1,1
59,1378787,0.63,1,1,1,51,1,1,0,1,1,0
58,1626695,0.49,1,0,1,49,1,0,0,1,0,1
59,1696387,0.75,0,0,1,47,0,0,0,1,0,1
57,1113899,0.3,1,0,1,29,1,0,0,1,0,1
59,1507612,0.53,1,1,1,37,1,1,1,0,0,1
55,1460548,0.67,1,0,1,24,1,1,0,1,0,1
59,1417361,0.6,0,0,1,46,0,0,0,1,0,1
57,1682473,0.75,1,1,0,28,1,1,0,0,1,1
57,1391542,0.62,1,0,1,56,1,0,0,1,0,0
59,1141492,0.12,0,0,1,51,0,0,0,1,0,0
57,1259345,0.59,0,0,1,59,0,0,0,1,0,0
56,1448487,0.1,0,0,1,30,0,0,0,1,0,1
57,1589145,0.11,1,1,1,42,1,1,0,1,1,1
56,1113194,0.45,1,1,0,45,1,1,0,0,1,1
56,1459636,0.27,0,1,1,53,0,1,0,1,1,0
56,1082549,0.71,0,0,1,47,0,0,0,1,0,1
55,1169448,0.74,0,0,1,37,0,0,0,1,0,1
56,1175899,0.57,1,0,1,28,1,0,0,1,0,1
56,1638985,0.32,1,0,1,38,1,0,0,1,0,1
57,1068245,0.62,0,0,1,55,0,0,0,1,0,0
55,1187845,0.75,0,0,1,23,0,0,0,1,0,1
59,1213353,0.28,1,0,1,41,1,0,0,1,0,1
58,1643278,0.46,0,0,1,32,0,0,0,1,0,1
56,1348020,0.47,1,0,1,51,1,0,0,1,0,0
58,1221500,0.18,1,0,1,23,1,0,0,1,0,0
55,1432739,0.3,0,0,1,47,0,0,0,1,0,1
55,1434524,0.36,0,1,1,58,0,1,0,1,1,0
58,1696062,0.49,0,0,1,42,0,0,0,1,1,1
56,1548860,0.61,1,0,1,43,1,0,0,1,0,1
57,1151128,0.58,1,0,1,32,1,0,0,1,0,1
57,1502541,0.37,0,1,1,47,0,1,0,1,1,1
57,1379521,0.34,0,0,1,28,0,0,0,1,0,1
59,1548944,0.29,0,0,1,26,0,0,0,1,0,1
57,1410986,0.63,0,1,1,47,0,1,0,1,0,1
57,1454661,0.53,1,0,1,42,1,0,0,1,0,1
57,1362480,0.59,1,1,1,22,1,1,0,1,1,1
56,1562409,0.7,1,0,1,45,1,0,0,1,0,1
59,1094560,0.4,0,0,1,58,0,0,0,1,0,0
56,1518934,0.22,1,1,1,27,1,1,0,1,1,1
58,1110836,0.21,0,0,1,31,0,0,0,1,0,1
59,1555395,0.75,0,1,1,56,0,1,0,1,0,0
56,1171535,0.48,1,1,1,50,1,1,0,1,1,0
59,1101731,0.21,0,1,1,53,1,1,0,1,1,0
58,1321734,0.78,0,1,1,42,0,1,0,1,1,1
59,1342147,0.55,1,0,1,54,1,0,0,1,0,1
59,1486085,0.71,1,0,1,42,1,0,0,1,0,1
58,1562458,0.22,1,0,1,27,1,0,0,1,0,1
56,1389968,0.31,0,0,1,56,0,0,0,1,0,0
59,1522822,0.36,1,0,1,52,1,0,0,1,0,0
57,1142142,0.27,0,1,1,46,0,1,0,1,1,1
55,1372377,0.19,0,1,1,39,0,1,0,1,1,1
59,1081800,0.11,0,0,1,48,0,0,0,1,0,1
55,1377288,0.27,1,0,1,52,1,0,0,1,0,0
58,1391356,0.57,1,1,1,23,1,1,0,1,1,1
57,1642425,0.56,1,0,1,45,1,0,0,1,1,1
56,1686219,0.1,0,0,1,26,0,0,0,1,0,1
55,1226721,0.58,1,1,1,26,1,1,0,1,1,1
57,1102208,0.68,0,1,1,45,0,1,0,1,1,1
58,1420913,0.12,0,0,1,26,0,0,0,1,0,1
58,1657442,0.53,1,0,1,47,1,0,1,1,0,1
59,1073844,0.62,1,1,1,41,1,1,0,1,1,1
55,1516394,0.43,1,1,1,32,1,1,0,0,1,1
55,1401902,0.17,0,0,0,32,0,0,0,0,0,0
59,1396481,0.44,1,0,1,33,1,1,0,0,0,1
55,1416506,0.32,1,0,1,42,1,0,0,1,0,1
57,1686070,0.62,1,0,1,57,1,0,0,1,0,0
59,1130937,0.55,0,0,1,47,0,0,0,1,0,1
59,1044759,0.75,0,0,1,43,0,0,0,1,0,0
57,1118788,0.29,1,0,1,27,1,0,0,1,0,1
57,1044916,0.17,1,1,1,25,1,1,0,1,1,1
58,1514507,0.35,1,0,1,39,1,0,0,1,0,0
56,1506826,0.41,0,0,1,36,0,1,0,1,0,1
38,41286,0.65,0,1,0,94,0,1,1,0,1,0
38,43982,0.79,0,1,0,89,0,1,1,0,1,0
37,41524,0.79,0,1,0,98,0,1,1,0,1,0
37,43982,0.3,0,1,0,89,0,1,1,0,1,0
39,43992,0.37,0,1,0,94,0,1,1,0,1,1
38,44759,0.72,1,0,0,95,1,0,1,0,0,0
37,42839,0.31,0,1,0,100,0,1,1,0,1,0
38,44297,0.38,0,0,0,96,0,0,1,0,0,0
38,42984,0.63,0,1,0,87,0,1,1,0,1,0
39,43636,0.43,0,0,0,99,0,0,1,0,0,0
39,44739,0.66,0,0,0,87,0,0,1,0,0,0
38,43903,0.55,0,1,0,85,0,1,1,0,1,0
39,41707,0.58,0,1,0,91,0,1,1,0,0,0
39,43697,0.48,0,1,0,85,0,1,0,0,1,0
38,42216,0.57,0,1,0,86,0,1,1,0,1,0
39,44162,0.45,1,1,0,91,1,1,1,0,1,0
39,42735,0.71,0,1,0,97,0,1,1,0,1,0
38,41487,0.72,0,1,0,90,0,1,1,0,1,0
37,44783,0.56,0,1,0,89,0,1,1,0,1,0
37,44499,0.67,0,1,1,98,0,1,1,1,1,0
37,44767,0.32,0,0,0,86,0,0,1,0,0,0
37,41944,0.5,0,1,0,85,0,1,1,0,1,0
37,42980,0.68,0,1,0,87,0,1,1,0,1,0
38,43641,0.56,0,0,0,87,0,0,1,0,0,0
37,42704,0.57,0,1,0,86,0,1,1,0,0,1
37,41712,0.52,0,1,0,87,0,1,1,0,1,0
38,41814,0.47,0,1,0,100,0,1,1,0,1,0
37,44448,0.77,0,0,1,89,0,0,1,1,0,0
37,41375,0.44,0,1,0,96,0,0,1,0,1,0
39,41531,0.53,0,1,0,97,0,1,1,0,1,0
37,41606,0.25,0,1,0,95,0,1,1,0,1,0
37,42055,0.29,0,1,0,93,0,1,1,1,1,0
37,42899,0.56,0,1,0,94,0,1,1,0,1,0
37,44316,0.33,0,1,0,98,0,1,1,0,1,0
39,41398,0.33,0,1,0,96,0,1,1,0,1,0
37,44146,0.34,0,1,0,95,0,1,1,0,1,0
38,42577,0.71,0,1,0,95,0,1,1,0,1,0
39,42965,0.36,0,1,0,86,0,1,1,0,1,0
39,42479,0.4,0,0,0,92,0,0,1,0,0,0
39,41080,0.39,0,1,0,88,0,1,1,0,1,1
39,42232,0.36,0,1,0,87,0,1,1,0,1,0
37,42935,0.77,0,1,0,92,0,1,1,0,1,0
38,43142,0.33,0,1,0,85,0,1,1,0,1,0
39,44441,0.52,0,0,0,94,0,1,1,0,0,0
38,42668,0.64,0,0,0,99,0,0,1,0,0,0
38,43091,0.7,0,0,0,87,0,0,1,1,0,0
37,42626,0.46,0,0,0,91,0,0,1,0,0,0
37,42731,0.39,0,1,0,97,0,1,1,0,1,0
37,43952,0.45,0,1,1,85,0,1,1,1,1,0
39,44615,0.43,0,1,0,97,0,1,1,0,1,0
39,44783,0.38,0,1,0,96,0,1,1,0,1,0
38,42199,0.51,0,0,0,99,0,0,1,0,0,0
37,43050,0.68,0,1,0,91,0,1,1,0,0,0
38,44180,0.46,0,1,0,91,0,1,1,0,1,0
37,41043,0.49,0,1,0,98,0,1,1,0,1,0
38,44994,0.61,0,0,0,96,0,1,0,0,0,0
37,42307,0.64,0,1,0,97,0,1,1,0,0,0
37,43515,0.26,1,1,0,92,1,1,1,0,1,0
37,42938,0.25,0,1,0,98,0,1,1,0,1,0
39,41635,0.38,0,1,0,96,0,1,1,1,1,0
38,41875,0.57,0,1,0,100,0,1,1,0,1,0
39,42460,0.56,1,0,1,100,1,0,1,1,0,0
38,44097,0.59,0,1,0,96,0,1,1,0,1,0
38,43026,0.7,0,1,0,95,0,1,1,0,1,0
39,41376,0.27,0,0,0,93,0,0,1,0,0,0
39,43726,0.52,0,1,0,91,0,0,1,0,1,0
37,42418,0.48,0,1,0,91,0,1,1,0,1,0
38,44220,0.28,0,1,0,88,0,1,1,0,1,0
39,41216,0.67,0,1,0,88,0,1,1,0,1,0
39,43470,0.72,0,1,0,98,0,0,1,0,1,0
37,43470,0.71,0,0,0,88,1,0,1,0,0,0
38,41422,0.65,0,1,0,85,0,1,1,0,1,0
39,44164,0.5,0,0,0,98,0,0,0,0,0,0
39,41568,0.44,0,1,0,92,0,1,1,1,1,0
37,44684,0.26,0,1,0,86,0,1,1,0,1,0
39,41211,0.71,0,1,0,98,0,1,1,0,0,0
38,43762,0.36,0,1,0,98,0,1,1,0,0,0
37,44213,0.45,0,0,0,89,0,0,1,0,0,0
37,44268,0.54,0,1,0,94,0,1,1,0,1,0
38,41715,0.72,0,1,0,92,0,1,1,0,1,0
37,43596,0.53,0,0,0,85,0,0,0,0,0,0
39,41491,0.79,0,1,0,90,0,1,1,0,0,0
37,41216,0.69,0,1,0,86,1,1,1,0,1,0
39,43400,0.74,0,1,0,92,0,1,0,0,1,0
38,41623,0.73,0,1,0,87,0,1,1,0,1,0
39,41841,0.33,0,1,0,95,0,1,1,0,1,0
39,42535,0.77,1,0,0,100,1,0,0,0,0,0
39,42976,0.65,0,1,0,100,0,1,1,0,1,0
37,44219,0.79,0,0,0,91,0,0,1,0,0,0
38,43142,0.71,0,1,0,94,1,1,1,0,1,0
37,43541,0.35,0,1,0,88,0,1,1,0,1,0
38,44619,0.72,0,0,0,93,1,0,1,0,0,0
38,41186,0.67,0,0,0,93,0,0,1,0,0,0
37,44723,0.51,1,1,0,87,1,1,1,0,0,0
38,43891,0.76,0,1,0,85,0,1,1,0,1,0
37,41933,0.68,0,1,0,95,0,1,1,0,1,0
38,44960,0.79,0,1,0,100,0,1,1,0,1,0
38,44882,0.42,0,1,0,91,0,1,1,0,1,0
39,44604,0.36,0,1,1,91,0,1,1,1,1,0
37,44980,0.67,0,1,0,93,0,1,0,0,1,0
39,44138,0.35,0,0,0,91,0,0,1,0,0,0
37,44418,0.78,0,1,0,86,0,0,1,0,1,0
39,42441,0.35,0,1,0,89,0,1,1,0,1,0
37,44273,0.43,0,1,0,88,0,1,1,0,1,0
37,44887,0.69,1,1,0,93,1,1,1,0,1,0
39,42749,0.74,0,1,0,98,1,1,1,0,1,0
38,43342,0.37,0,1,0,86,0,1,1,0,1,0
38,43659,0.33,0,1,0,89,0,0,1,0,1,0
37,43295,0.49,0,1,0,93,0,1,1,0,1,1
39,44747,0.28,0,1,0,85,0,1,1,0,1,0
38,44556,0.34,0,1,0,98,0,1,1,0,1,0
38,44431,0.73,1,0,0,87,1,0,1,0,0,0
39,42305,0.52,0,1,0,100,0,1,1,0,1,0
37,44778,0.76,0,1,0,99,0,1,0,0,1,0
39,41408,0.44,0,0,0,93,0,0,1,0,0,0
39,42708,0.48,0,1,0,90,0,1,1,0,1,0
37,44443,0.76,0,0,0,96,0,1,1,0,0,0
39,41940,0.57,0,1,0,85,0,1,1,0,1,0
37,41203,0.49,1,1,0,90,1,1,1,0,1,0
38,41171,0.79,0,1,0,94,0,1,1,0,1,0
37,44106,0.55,0,1,0,95,0,1,1,0,1,0
39,41769,0.29,0,0,0,95,0,0,1,0,0,0
39,41933,0.68,0,1,0,90,0,1,1,0,1,0
38,41229,0.45,0,0,0,97,0,0,1,0,0,0
38,44158,0.56,0,1,0,88,0,0,1,0,1,0
39,43265,0.8,0,1,1,87,0,1,1,1,1,0
39,41878,0.74,0,1,0,88,0,1,1,0,1,0
38,42410,0.67,0,1,0,96,1,1,1,0,1,0
37,41643,0.67,0,1,0,93,0,1,1,0,1,0
37,41756,0.47,0,1,0,86,0,1,1,0,1,0
38,42942,0.73,0,1,0,94,0,1,1,0,1,0
37,41659,0.7,0,1,0,93,0,1,1,0,1,0
37,42033,0.51,0,0,0,95,0,0,1,0,0,0
39,42941,0.29,0,1,0,96,0,1,1,0,1,0
39,43752,0.69,0,0,0,86,0,0,1,0,0,0
39,43414,0.35,0,1,0,92,0,1,1,0,1,0
38,44244,0.42,0,0,0,94,0,0,1,0,0,0
39,42181,0.36,0,1,0,95,0,1,1,0,1,0
39,43793,0.28,0,1,0,98,0,1,1,0,1,0
38,43758,0.65,0,0,0,89,0,0,1,0,1,0
37,41300,0.4,0,0,0,94,0,0,1,0,0,0
38,41076,0.44,0,0,0,85,0,0,1,0,0,0
39,42461,0.79,0,1,0,100,0,1,1,0,1,0
65,5539353,0.66,1,0,1,41,1,0,0,1,0,1
66,5960316,0.19,0,1,1,24,0,1,0,1,1,1
65,5424841,0.42,1,0,1,12,1,0,1,1,0,1
65,5823538,0.74,1,0,1,52,1,0,0,1,0,1
66,5634005,0.76,1,1,1,31,1,1,0,1,1,1
65,5596677,0.42,0,0,1,31,0,0,1,1,0,1
65,5300800,0.26,1,0,1,58,1,0,0,1,0,1
64,5568946,0.17,1,0,0,43,1,0,0,0,0,1
66,5333350,0.44,1,0,0,35,0,0,0,0,1,1
64,5778178,0.28,1,0,1,17,1,0,0,1,0,1
66,5385823,0.16,1,0,0,31,1,0,0,0,0,1
65,5447536,0.58,1,0,1,21,0,0,0,1,0,1
64,5799964,0.27,1,1,1,48,1,1,0,1,1,1
64,5878225,0.21,0,0,1,25,0,0,0,1,1,1
66,5491966,0.11,1,0,1,44,1,0,0,1,0,1
66,5775654,0.65,1,0,1,60,1,0,0,1,0,1
65,5863880,0.5,1,1,1,24,1,1,0,1,1,1
66,5292884,0.14,1,0,1,37,1,0,1,1,0,1
65,5898660,0.11,0,1,0,42,0,1,0,0,1,1
64,5522021,0.42,1,0,1,14,1,0,0,1,0,1
65,5691225,0.31,0,0,1,39,0,1,0,1,0,1
65,5976307,0.13,1,0,1,20,1,0,0,1,0,1
65,5652196,0.6,1,0,1,56,1,0,0,1,0,1
66,5258709,0.53,1,0,1,18,1,0,0,1,0,1
66,5648572,0.44,1,0,1,53,1,0,1,1,0,1
65,5519039,0.5,0,0,1,41,0,0,0,1,0,1
64,5934177,0.4,1,0,1,16,1,0,0,1,0,1
66,5814916,0.33,1,0,1,19,1,0,0,1,0,1
65,5485281,0.73,1,0,1,49,1,0,0,1,0,0
66,5698851,0.73,0,0,1,26,0,0,0,0,0,1
65,5213402,0.38,1,0,1,43,1,0,0,1,0,1
66,5907749,0.36,1,0,1,49,1,0,0,1,0,1
64,5890096,0.56,1,0,1,43,1,0,0,1,0,1
64,5216524,0.32,1,0,1,59,1,0,0,1,0,1
64,5306244,0.67,1,0,1,23,1,0,0,1,0,1
65,5322072,0.37,1,0,1,37,1,1,0,1,0,1
65,5850298,0.3,1,0,1,33,1,0,0,1,1,1
66,5451809,0.51,0,0,1,17,0,0,0,1,0,1
64,5569671,0.8,1,0,1,56,1,0,0,1,0,1
64,5476117,0.15,1,0,1,13,1,1,0,1,0,1
64,5368177,0.36,1,0,1,11,1,0,0,1,1,1
66,5806245,0.44,0,0,0,53,0,0,0,0,0,1
64,5766873,0.37,0,0,0,56,0,0,0,0,1,1
65,5554812,0.78,1,0,1,55,1,0,0,0,0,1
64,5697645,0.79,1,0,1,26,0,0,0,1,0,1
66,5748706,0.37,0,0,0,59,0,0,0,0,0,1
65,5499498,0.69,1,0,1,27,1,0,0,1,0,1
65,5359546,0.48,1,0,1,14,1,0,0,1,0,0
66,5707352,0.78,1,1,1,18,0,1,0,1,1,1
65,5322401,0.71,1,0,1,34,1,1,0,1,0,1
64,5968036,0.49,1,1,0,14,1,1,0,0,1,1
65,5798757,0.29,1,0,1,33,1,0,0,1,1,1
65,5768106,0.76,0,0,1,44,0,0,0,1,0,1
65,5762530,0.12,1,0,0,17,1,1,0,0,0,1
64,5950296,0.62,1,0,1,20,1,1,0,1,0,1
64,5859398,0.42,0,0,1,11,0,0,1,1,0,1
65,5509348,0.78,1,0,1,23,1,0,0,1,0,1
64,5769708,0.55,1,1,1,55,1,1,0,1,1,1
65,5962036,0.57,0,0,1,50,0,0,0,1,0,1
65,5905226,0.44,1,0,1,37,1,0,0,1,0,1
66,5414817,0.41,1,0,0,56,1,0,0,0,0,1
66,5280918,0.48,1,1,1,41,1,1,0,1,1,1
64,5695557,0.36,1,0,1,44,1,0,0,1,0,1
66,5291758,0.39,0,0,1,44,0,0,0,1,0,1
65,5935742,0.65,1,0,0,43,1,0,0,0,0,1
66,5975893,0.19,1,0,1,51,1,0,0,1,0,1
64,5373861,0.46,1,0,1,47,1,0,0,1,0,1
64,5213457,0.17,1,0,1,41,1,0,0,1,0,1
65,5390576,0.53,1,1,1,18,1,1,0,0,1,1
65,5975702,0.8,1,0,1,31,1,0,0,1,0,1
64,5337379,0.41,1,0,0,41,1,0,0,0,0,1
65,5399500,0.37,1,0,0,48,1,0,0,0,0,1
66,5960756,0.43,1,0,1,13,1,0,0,1,0,1
64,5860658,0.12,1,0,1,22,1,0,0,1,0,1
65,5820296,0.39,0,0,1,47,0,0,0,1,0,1
66,5406104,0.74,1,0,1,38,1,0,0,1,0,1
66,5708831,0.41,0,0,1,54,0,0,0,1,0,1
65,5981934,0.79,1,0,1,40,1,0,0,1,0,1
65,5435942,0.33,1,0,1,52,1,0,0,1,0,1
65,5723207,0.58,1,0,1,31,1,0,0,1,0,1
64,5205240,0.11,1,0,1,17,1,1,0,1,0,1
64,5260281,0.42,1,0,1,16,1,0,0,1,0,1
66,5538675,0.55,1,0,1,52,1,0,0,1,0,1
66,5575105,0.28,1,0,0,39,1,0,0,0,0,1
66,5775129,0.62,1,1,1,30,1,1,0,1,1,1
65,5551576,0.57,0,0,1,28,0,0,0,1,0,1
64,5914879,0.73,1,0,1,42,1,0,0,1,0,1
65,5689437,0.32,1,0,1,38,1,0,0,1,0,1
65,5470283,0.51,0,0,1,33,1,0,0,1,0,1
64,5415231,0.8,1,0,0,18,1,0,0,0,0,1
64,5906419,0.43,1,0,1,44,1,0,0,0,1,1
65,5334583,0.16,1,0,1,33,1,0,0,1,0,1
64,5326063,0.16,1,0,1,43,1,0,0,1,1,1
65,5314105,0.34,1,0,1,44,1,1,0,1,0,1
64,5928806,0.58,1,0,1,49,1,0,0,1,0,1
65,5879858,0.22,0,0,1,38,0,0,0,1,0,1
66,5697005,0.66,0,0,1,22,0,0,0,1,0,1
65,5390366,0.69,1,0,1,52,1,0,0,0,0,1
64,5501407,0.41,0,1,1,25,0,1,0,1,1,1
64,5967467,0.76,1,0,1,53,1,0,0,1,0,1
65,5298027,0.32,1,0,1,24,1,1,0,1,0,1
66,5893324,0.45,1,0,0,25,1,0,0,0,0,0
65,5749191,0.18,1,0,1,26,1,0,1,1,0,1
66,5412104,0.36,1,0,1,50,1,0,0,1,0,0
65,5764870,0.19,1,0,1,20,1,0,0,1,1,1
65,5463946,0.43,1,1,1,48,1,1,0,1,1,1
66,5579021,0.43,1,0,1,40,1,0,0,1,0,1
65,5557892,0.8,1,0,0,59,1,0,0,0,0,1
66,5932122,0.75,0,0,1,17,0,0,0,1,0,1
64,5907910,0.23,1,1,1,48,1,1,0,1,1,1
65,5211940,0.3,1,0,1,55,1,0,0,1,0,1
64,5206002,0.38,1,0,1,11,1,0,0,1,0,1
64,5534901,0.15,1,0,1,13,1,0,0,1,0,1
65,5509873,0.18,1,0,1,30,1,0,0,1,0,1
66,5318219,0.15,0,1,1,60,0,1,0,1,1,1
64,5602470,0.21,1,0,1,36,1,0,0,1,0,1
64,5716960,0.73,1,0,0,13,1,0,0,0,0,1
64,5906689,0.18,1,0,1,34,1,0,0,1,0,1
65,5843996,0.79,0,0,1,37,0,1,0,1,0,1
66,5590634,0.26,1,1,1,46,1,0,0,1,1,1
65,5602865,0.13,1,0,1,30,1,0,0,1,0,1
66,5628399,0.76,1,1,1,52,0,1,0,1,1,1
64,5693457,0.1,1,0,1,58,1,0,0,1,1,1
65,5837251,0.37,1,0,0,47,1,0,1,0,0,1
66,5283208,0.26,1,0,0,33,1,1,0,0,0,1
64,5646525,0.16,1,0,1,55,1,0,0,1,0,1
64,5299320,0.4,1,0,1,60,1,0,0,1,0,1
64,5961774,0.4,1,0,1,24,1,0,0,1,0,1
65,5763342,0.11,1,0,1,51,1,0,0,1,0,1
66,5361415,0.47,1,1,1,36,0,1,0,1,1,1
66,5622784,0.67,1,0,1,31,1,0,0,1,0,1
66,5420421,0.67,1,1,1,22,1,1,0,1,1,1
65,5326882,0.71,1,0,1,17,1,0,0,0,0,1
65,5760441,0.45,0,0,1,48,0,0,0,1,0,1
64,5557652,0.71,1,0,1,12,1,0,0,1,0,1
66,5592489,0.76,1,0,1,53,1,0,0,1,0,1
64,5434663,0.14,1,1,1,39,1,1,0,1,1,1
65,5816685,0.23,1,0,0,40,1,0,0,0,0,1
65,5273757,0.1,1,0,0,54,1,0,0,0,0,1
66,5811035,0.59,1,0,1,27,1,0,0,1,0,1
66,5800800,0.63,1,0,1,40,1,0,0,1,0,1
66,5357267,0.28,0,0,1,33,0,0,0,1,0,1
66,5571338,0.18,1,1,1,46,1,1,0,1,1,1
65,115107,0.4,0,0,1,36,0,0,0,1,0,1
64,127361,0.43,0,0,1,16,0,0,0,1,0,1
65,114237,0.19,0,1,1,52,0,1,0,1,1,1
64,146440,0.14,0,0,1,58,1,0,0,1,0,1
65,113168,0.31,0,1,0,24,0,0,0,0,1,1
66,120997,0.27,0,0,0,40,0,0,1,0,0,1
66,116166,0.36,1,0,0,55,1,0,0,1,0,1
66,107635,0.59,0,1,0,43,1,1,0,0,1,1
66,105307,0.43,0,0,1,43,0,0,0,1,0,1
66,138655,0.31,1,0,0,10,1,0,0,0,0,1
66,101179,0.14,1,1,0,19,1,1,0,0,1,1
66,135810,0.21,0,0,1,27,0,0,0,1,0,1
65,116708,0.78,1,0,0,31,1,0,0,0,0,1
66,101017,0.7,0,1,1,59,0,1,0,1,1,1
66,114778,0.73,0,1,1,39,0,1,0,1,1,1
66,140397,0.77,0,1,0,29,0,1,0,0,1,1
65,108660,0.61,1,1,1,26,1,1,0,1,1,1
65,149615,0.33,0,0,0,35,0,0,0,0,0,0
65,100273,0.13,0,1,1,16,0,1,0,1,1,1
65,138375,0.48,0,0,1,37,0,0,0,1,1,1
65,131212,0.53,0,0,0,13,0,0,0,0,0,1
64,127759,0.11,1,0,1,25,1,0,0,1,0,1
64,145093,0.65,1,0,1,58,1,0,0,1,0,1
65,134133,0.76,0,0,1,35,0,0,0,1,0,1
66,122551,0.5,0,0,1,28,0,0,0,1,0,1
65,146275,0.73,0,0,1,25,0,0,1,1,0,1
65,122128,0.65,0,0,1,59,0,0,0,1,0,1
65,119629,0.18,0,0,1,27,0,0,0,1,0,1
64,146462,0.31,0,0,1,53,0,0,0,1,0,1
64,132851,0.21,1,0,0,20,1,0,0,0,0,1
66,139599,0.72,0,0,0,60,0,0,0,0,0,1
64,124261,0.08,0,0,0,21,0,0,0,0,0,1
64,116350,0.45,1,0,1,47,1,0,0,1,0,1
64,144885,0.78,0,0,0,45,0,0,0,0,0,1
66,112883,0.45,1,0,1,19,1,0,0,1,0,1
64,140727,0.61,0,0,1,25,0,0,0,1,0,1
65,106827,0.16,0,0,1,11,0,0,0,1,0,1
65,146369,0.54,1,0,1,48,1,0,0,1,1,1
64,149586,0.25,0,0,1,23,0,0,0,1,0,1
65,102706,0.6,1,1,0,11,1,1,0,0,1,1
66,133333,0.79,1,0,1,18,1,0,0,1,0,1
64,115100,0.68,0,1,0,35,0,1,0,0,1,1
66,149321,0.61,0,0,0,10,0,0,0,0,0,0
64,135728,0.61,1,1,1,35,1,1,0,1,1,1
66,138673,0.77,0,0,0,51,0,0,0,0,0,1
65,126319,0.31,1,0,0,16,1,0,0,1,0,1
66,140251,0.17,1,0,0,46,1,0,1,0,0,1
65,101150,0.77,0,0,0,23,0,0,0,0,0,1
65,113025,0.2,1,1,0,22,1,1,0,0,1,1
65,131204,0.13,1,0,0,47,1,0,0,0,0,1
66,141212,0.62,0,0,0,37,0,0,0,0,0,1
64,133815,0.39,1,0,0,42,1,0,0,1,0,1
64,100441,0.52,1,0,1,50,1,0,0,1,0,1
65,100699,0.75,0,0,0,16,0,0,0,0,0,1
65,108087,0.37,1,1,0,27,1,1,0,0,1,1
66,119364,0.2,0,0,1,15,0,0,0,1,0,1
64,107230,0.14,1,0,0,38,1,0,0,0,0,0
66,129378,0.75,1,0,1,13,1,0,0,1,0,1
64,138636,0.74,0,0,1,38,0,1,0,1,0,1
65,108756,0.15,0,0,1,33,0,0,0,1,1,1
64,141278,0.32,0,1,1,57,0,0,0,1,1,1
66,128363,0.16,0,0,1,60,0,0,0,1,0,1
64,124394,0.74,0,0,1,56,0,0,0,1,0,1
66,129085,0.5,0,0,0,47,0,0,0,0,0,1
64,145662,0.5,1,1,1,52,1,1,0,1,0,1
65,147811,0.69,0,0,1,53,0,0,0,0,0,1
64,110139,0.38,1,0,0,34,1,0,0,0,0,1
64,131557,0.47,1,0,0,20,1,0,0,0,0,1
66,119838,0.3,1,0,1,31,1,0,0,1,0,0
66,147592,0.38,1,0,0,20,1,0,1,0,0,1
65,118719,0.09,1,0,0,56,1,0,0,0,0,1
64,106706,0.06,0,0,0,41,0,0,0,0,0,1
66,135824,0.5,1,1,0,37,1,1,0,0,1,1
66,146244,0.11,1,0,0,15,1,0,0,0,0,1
66,147426,0.14,0,0,1,54,0,1,0,1,0,1
65,148978,0.34,1,1,0,15,1,1,0,0,1,1
65,141807,0.69,0,0,0,43,0,0,0,0,0,1
64,147563,0.26,0,0,1,10,0,0,0,1,0,1
64,116745,0.1,1,1,1,48,1,1,0,1,1,0
65,136938,0.08,0,0,0,41,0,0,0,0,0,1
66,108962,0.52,0,0,1,48,0,0,0,1,0,1
66,133718,0.77,0,0,0,20,0,0,0,0,0,1
64,145498,0.11,0,0,1,47,0,0,0,1,0,1
66,124071,0.32,0,0,0,14,0,0,0,0,0,1
66,118911,0.28,0,1,1,37,0,1,0,1,1,1
65,134512,0.57,0,0,0,15,0,0,0,0,0,1
65,135999,0.59,1,0,1,18,1,0,0,1,1,1
64,119996,0.41,0,0,0,53,0,0,1,0,0,1
66,126736,0.33,0,0,1,40,0,0,0,1,0,1
64,142441,0.63,0,1,0,58,0,1,0,0,1,1
66,128612,0.26,0,0,0,32,0,1,0,0,1,1
65,124569,0.65,0,0,0,16,0,0,0,0,0,1
65,113161,0.55,0,0,1,57,0,0,0,1,0,1
64,117117,0.39,1,0,0,43,1,0,0,0,0,1
65,128263,0.57,0,0,0,13,0,0,0,0,0,1
64,142743,0.52,0,1,0,49,0,1,1,0,1,1
66,129338,0.1,0,0,1,35,0,0,0,1,0,1
66,109360,0.7,1,1,1,37,1,1,0,1,1,1
66,111033,0.16,1,0,1,31,1,0,0,1,0,1
64,100306,0.39,1,1,1,50,1,1,0,1,1,1
66,120508,0.08,1,0,0,31,1,0,0,0,0,1
65,125151,0.58,0,1,0,29,0,1,0,0,1,1
65,137715,0.66,1,0,0,11,1,0,0,0,0,1
65,114531,0.2,0,0,1,60,0,0,0,1,0,1
64,112665,0.59,0,0,1,38,0,0,0,0,0,1
66,145786,0.25,0,0,1,44,0,0,0,1,0,1
64,128817,0.12,1,0,0,18,1,0,0,1,0,1
66,140972,0.37,0,1,0,56,0,1,0,0,1,1
65,107614,0.78,0,1,1,28,0,1,0,1,1,1
64,143707,0.08,1,0,1,32,1,0,0,1,0,1
65,108204,0.64,0,0,0,29,0,0,0,0,0,1
66,137491,0.63,1,1,0,35,1,1,1,0,1,1
66,142525,0.74,0,0,0,36,0,0,0,0,0,1
65,104518,0.26,0,0,1,24,0,0,0,1,0,1
65,116039,0.31,0,0,0,35,0,0,0,0,0,1
64,106973,0.67,0,0,1,12,0,0,0,1,0,1
65,120939,0.11,1,0,1,15,1,0,0,1,0,1
66,139763,0.79,0,0,1,10,0,0,0,1,0,1
65,130210,0.41,0,0,1,44,0,0,0,1,0,1
66,144359,0.5,0,0,0,27,0,0,0,0,0,1
66,141204,0.58,0,0,0,11,0,0,0,0,0,1
66,145424,0.29,1,0,1,15,1,0,0,1,0,1
64,108644,0.1,0,0,1,32,0,0,0,1,0,0
66,138463,0.27,0,1,1,27,0,1,0,1,1,1
65,125373,0.7,0,1,1,18,0,1,0,1,1,1
66,132552,0.05,1,0,0,27,1,0,0,0,0,1
64,111453,0.38,0,0,1,25,0,0,0,0,0,1
66,108816,0.19,1,0,0,60,1,0,0,0,0,1
65,145133,0.69,0,0,1,26,0,0,0,0,0,1
64,128737,0.2,0,0,0,27,0,0,0,1,0,1
65,138804,0.07,0,0,1,19,0,1,0,1,0,1
65,117449,0.75,1,0,0,19,1,0,0,0,0,1
64,125590,0.72,0,1,0,47,0,1,0,1,1,0
66,132078,0.2,0,0,1,60,0,0,0,1,0,1
66,121071,0.52,0,1,0,11,0,1,0,0,1,1
66,145842,0.18,1,0,1,22,1,0,0,1,0,1
65,120322,0.45,1,0,0,16,1,0,0,0,0,1
64,105631,0.74,0,0,0,45,0,0,0,0,0,0
66,122040,0.79,0,0,1,43,0,0,0,1,0,1
65,103297,0.42,0,0,0,38,0,0,0,0,0,1
65,120958,0.63,1,0,1,46,1,0,0,1,0,1
64,138639,0.71,1,0,1,30,1,0,0,1,0,1
64,103579,0.58,1,0,0,21,1,0,0,0,0,1
45,1583862,0.22,0,1,1,62,0,1,0,1,1,0
46,1583323,0.29,0,1,1,77,0,1,0,1,1,0
46,1423792,0.26,0,1,1,68,0,1,0,1,1,0
43,1575128,0.34,0,1,1,68,0,1,1,1,1,0
44,1380617,0.3,0,1,0,61,0,1,0,0,1,0
43,1236119,0.29,0,1,1,79,0,1,1,1,1,0
44,1405346,0.24,0,1,1,76,0,1,0,1,1,0
46,1522078,0.28,0,1,1,67,0,1,0,1,1,0
46,1321765,0.29,0,1,1,70,0,1,0,1,1,0
43,1527770,0.26,0,1,0,66,0,1,0,0,1,0
44,1574484,0.29,0,1,1,74,0,1,0,1,1,0
43,1265658,0.23,0,1,1,73,0,1,0,1,1,0
43,1202730,0.23,0,1,1,79,0,1,0,1,1,0
43,1318950,0.32,0,1,1,61,0,1,0,1,1,0
44,1593517,0.29,0,1,0,70,0,1,0,0,1,0
44,1270785,0.25,0,0,1,71,0,0,0,1,0,0
43,1440439,0.26,0,1,0,73,0,1,0,0,1,0
43,1594392,0.22,0,1,1,61,0,1,0,1,1,0
46,1557185,0.24,0,1,1,73,0,1,0,1,1,0
45,1536283,0.28,0,1,1,73,0,1,0,1,1,0
44,1417012,0.34,0,1,1,65,0,1,0,1,1,0
45,1211767,0.33,0,1,1,68,0,1,0,1,1,0
45,1314938,0.32,0,1,1,77,0,0,0,1,1,0
46,1534516,0.2,0,1,1,65,0,1,0,1,1,0
43,1595556,0.24,0,0,1,80,0,0,0,1,0,0
43,1238482,0.23,0,1,1,72,0,0,0,1,1,0
44,1288465,0.29,0,1,1,76,0,0,1,1,1,0
44,1565356,0.2,0,1,1,63,1,1,0,1,1,0
45,1222613,0.21,0,1,1,80,0,1,1,1,1,0
44,1361344,0.26,0,1,0,80,0,1,0,0,1,1
45,1239867,0.24,0,0,1,66,0,0,0,1,0,0
45,1546252,0.32,0,1,1,67,0,1,0,1,1,0
46,1359953,0.22,0,1,1,63,0,1,0,1,1,0
45,1413371,0.22,1,1,1,69,1,1,0,1,1,0
43,1593419,0.32,1,1,1,71,0,1,0,1,1,0
45,1228024,0.28,0,1,1,61,0,1,0,1,1,0
44,1266371,0.21,0,1,0,65,0,1,0,0,1,0
45,1452842,0.29,0,0,1,61,0,0,0,1,0,0
46,1371899,0.31,0,1,1,72,0,1,0,1,1,0
43,1402198,0.33,0,1,1,65,0,1,0,1,1,0
45,1345282,0.2,0,1,1,75,0,1,0,1,1,0
45,1227240,0.28,0,1,0,66,0,1,1,0,1,0
46,1228386,0.24,0,0,1,79,0,0,0,1,0,0
45,1384444,0.2,0,1,1,61,1,1,0,1,1,0
43,1529550,0.26,0,1,1,72,0,1,0,1,1,1
46,1567978,0.25,0,1,1,68,0,1,0,1,1,0
43,1245202,0.29,0,0,1,65,0,0,0,1,0,0
46,1592386,0.29,0,1,1,78,0,1,0,1,1,0
45,1409106,0.27,0,0,1,74,0,0,0,1,0,0
44,1335737,0.21,0,1,1,71,0,0,0,1,1,0
45,1316652,0.35,0,1,1,76,0,1,0,1,1,1
44,1505573,0.28,0,1,1,74,0,1,0,0,0,0
44,1348862,0.32,0,1,1,67,0,1,0,1,1,0
43,1599987,0.26,0,1,1,64,0,1,0,1,1,0
45,1236719,0.34,0,1,1,64,0,1,0,1,1,0
44,1439068,0.3,0,1,1,63,0,1,0,1,1,0
45,1409289,0.27,0,1,1,60,0,1,0,0,1,0
43,1274886,0.32,0,1,0,79,0,1,0,0,1,0
43,1413697,0.34,0,1,1,64,0,1,0,0,1,0
44,1494491,0.32,0,1,1,62,0,0,0,1,1,0
45,1200942,0.32,0,1,1,75,0,1,0,1,1,0
45,1369465,0.21,0,1,1,61,0,0,0,1,1,0
43,1236648,0.23,0,1,0,75,0,1,0,0,1,0
44,1553111,0.2,0,1,1,63,0,1,0,1,1,0
46,1367906,0.27,0,1,1,78,0,1,1,1,1,0
46,1589017,0.35,0,1,1,77,0,0,0,1,1,0
45,1573660,0.22,0,1,0,61,0,1,0,0,1,0
44,1385373,0.28,0,1,1,65,0,1,0,1,1,0
44,1448392,0.28,0,1,1,73,0,0,0,1,1,0
43,1318830,0.26,0,0,1,70,0,0,0,1,0,0
43,1549177,0.27,0,1,1,74,0,1,0,1,1,0
46,1399604,0.28,0,1,0,63,0,1,0,0,1,0
46,1525019,0.28,0,0,1,73,0,0,0,1,0,0
43,1483773,0.35,1,1,1,76,1,1,0,1,1,0
43,1499772,0.33,0,1,1,70,0,1,1,1,1,0
45,1416798,0.27,0,0,1,60,0,0,0,1,0,0
43,1319448,0.32,0,0,1,78,0,0,0,1,0,0
46,1479726,0.29,0,1,0,77,0,1,0,0,1,0
46,1536379,0.31,1,1,1,75,1,1,0,1,1,1
46,1413903,0.25,0,0,1,76,0,0,0,1,0,0
45,1441344,0.21,0,1,0,64,0,0,0,0,1,0
45,1489461,0.22,0,1,0,70,0,1,0,0,1,0
44,1556557,0.35,0,0,1,63,0,0,0,1,0,0
46,1268503,0.22,0,1,1,64,0,1,0,1,1,0
45,1236298,0.29,0,1,0,73,0,1,0,0,0,0
43,1498035,0.35,1,1,0,76,1,1,0,1,1,0
43,1442720,0.29,0,1,1,63,0,1,0,1,1,0
43,1575450,0.26,0,0,0,80,0,1,0,0,0,0
45,1431121,0.34,0,1,1,69,0,1,0,1,1,0
45,1547691,0.25,0,1,1,61,0,1,1,1,1,0
43,1447707,0.31,0,1,1,65,1,1,0,1,1,0
45,1291697,0.32,0,1,1,71,0,1,0,1,1,0
46,1490074,0.32,1,1,1,76,1,1,0,0,1,0
46,1229955,0.32,0,0,0,73,0,0,0,0,0,0
46,1375126,0.33,1,1,1,60,1,1,1,0,1,0
44,1376271,0.22,0,1,0,62,0,1,0,1,1,0
45,1588844,0.24,0,1,1,65,0,1,0,1,1,0
44,1370870,0.34,0,1,1,61,0,1,0,1,1,0
43,1395374,0.26,0,1,1,60,0,1,0,1,1,0
44,1348292,0.33,0,1,1,65,0,1,0,1,1,0
46,1406027,0.21,0,1,1,80,0,1,0,1,1,0
44,1542712,0.28,0,1,1,75,0,1,0,1,1,0
46,1486054,0.2,0,1,1,77,0,1,0,1,1,0
45,1314615,0.29,0,1,0,79,0,1,0,0,1,0
46,1508270,0.3,1,1,1,69,1,1,0,1,1,0
46,1538148,0.27,0,1,1,65,0,1,0,1,1,0
45,1449763,0.23,0,1,1,61,0,1,0,1,1,0
45,1575551,0.3,0,0,1,78,0,0,0,1,0,0
44,1251353,0.28,0,1,1,67,0,0,0,1,0,0
44,1339799,0.21,0,1,1,61,0,1,0,1,1,0
43,1492529,0.33,0,1,1,60,0,1,0,1,1,0
44,1492415,0.35,0,1,1,65,1,1,0,1,1,0
45,1278523,0.26,0,1,1,76,0,1,0,1,1,0
44,1409843,0.31,0,1,1,68,0,1,0,1,0,0
44,1548242,0.2,0,1,1,75,0,1,0,1,1,0
45,1324054,0.26,0,1,1,61,0,1,0,1,1,0
44,1376212,0.3,0,1,1,72,0,1,1,1,1,0
44,1532819,0.3,0,1,1,68,0,1,1,1,1,0
43,1378139,0.32,0,1,1,75,0,1,0,1,1,0
46,1583435,0.32,0,0,0,65,0,0,0,0,0,0
46,1345632,0.35,0,1,0,61,0,1,0,0,1,0
43,1494419,0.27,1,1,1,74,1,1,0,1,1,0
45,1345809,0.23,0,0,1,74,0,1,0,1,0,0
45,1241788,0.29,0,1,0,62,0,1,0,0,1,0
46,1400347,0.28,0,1,0,77,0,1,0,0,1,0
44,1474077,0.34,0,1,1,65,0,1,0,1,1,0
44,1521255,0.24,0,1,1,63,0,1,0,1,1,0
44,1545658,0.2,0,1,1,80,0,1,0,1,1,1
44,1329409,0.29,0,0,1,80,0,0,0,1,0,0
43,1479453,0.25,0,1,0,73,0,1,0,0,1,0
45,1315564,0.21,0,1,1,69,0,0,0,1,1,0
44,1405037,0.26,0,0,1,78,0,0,0,1,0,0
46,1478986,0.26,0,0,1,74,0,0,0,1,0,0
43,1373502,0.33,0,1,1,70,0,1,0,1,1,0
45,1377242,0.33,0,1,1,77,0,1,0,1,1,0
45,1343575,0.21,0,1,1,72,0,1,0,1,1,0
44,1599487,0.32,0,1,0,65,0,1,1,0,1,1
43,1498502,0.35,0,1,1,79,0,1,0,1,1,0
43,1318844,0.24,0,1,1,66,0,1,0,1,1,0
44,1460087,0.21,0,1,1,64,0,1,0,1,1,0
45,1550784,0.23,0,1,1,61,0,1,0,1,1,0
44,1300824,0.26,0,1,1,76,0,1,0,1,1,0
46,1320521,0.22,0,1,1,80,0,1,0,1,1,0
